{
  "moduleType": "choose",
  "moduleTemplatePath": "..\\content-templates\\default-index.yml",
  "moduleTitleTemplate": "",
  "units":[
    {
      "type": "introduction",
      "moduleUnitTemplatePath": "..\\content-templates\\default-unit.yml",
      "contentTemplatePath": "..\\content-templates\\default-introduction-unit.md",
      "scaffoldFilename": "1-introduction"
    },
    {
      "type": "learning-content",
      "moduleUnitTemplatePath": "..\\content-templates\\default-unit.yml",
      "contentTemplatePath": "..\\content-templates\\default-learning-content-unit.md",
      "scaffoldFilename": "2-identify-{product}-options"
    },
    {
      "type": "learning-content",
      "moduleUnitTemplatePath": "..\\content-templates\\default-unit.yml",
      "contentTemplatePath": "..\\content-templates\\default-learning-content-unit.md",
      "scaffoldFilename": "3-analyze-decision-criteria"
    },
    {
      "type": "learning-content",
      "moduleUnitTemplatePath": "..\\content-templates\\default-unit.yml",
      "contentTemplatePath": "..\\content-templates\\default-learning-content-unit.md",
      "scaffoldFilename": "4-use-{product1}"
    },
    {
      "type": "learning-content",
      "moduleUnitTemplatePath": "..\\content-templates\\default-unit.yml",
      "contentTemplatePath": "..\\content-templates\\default-learning-content-unit.md",
      "scaffoldFilename": "5-use-{product2}"
    },
    {
      "type": "learning-content",
      "moduleUnitTemplatePath": "..\\content-templates\\default-unit.yml",
      "contentTemplatePath": "..\\content-templates\\default-learning-content-unit.md",
      "scaffoldFilename": "6-use-{product3}"
    },
    {
      "type": "learning-content",
      "moduleUnitTemplatePath": "..\\content-templates\\default-unit.yml",
      "contentTemplatePath": "..\\content-templates\\default-learning-content-unit.md",
      "scaffoldFilename": "7-use-{product4}"
    },
    {
      "type": "knowledge-check",
      "moduleUnitTemplatePath": "..\\content-templates\\default-knowledge-check-standalone-unit.yml",
      "scaffoldFilename": "8-knowledge-check"
    },
    {
      "type": "summary",
      "moduleUnitTemplatePath": "..\\content-templates\\default-unit.yml",
      "contentTemplatePath": "..\\content-templates\\default-summary-unit.md",
      "scaffoldFilename": "9-summary"
    }
  ]
}